New_York	40.72	-74
Austin	30.26396	-97.740604
